VALUE_TYPE,VALUE_CODE,VALUE_DESCRIPTION
CONTAMINANT_CODE,4000,"Gross Alpha, Excl. Radon and U"
CONTAMINANT_CODE,4002,"Gross Alpha, Incl. Radon and U"
CONTAMINANT_CODE,4004,Radon
CONTAMINANT_CODE,4006,Combined Uranium
CONTAMINANT_CODE,4007,Uranium-234
CONTAMINANT_CODE,4008,Uranium-235
CONTAMINANT_CODE,4009,Uranium-238
CONTAMINANT_CODE,4010,Combined Radium (-226 and -228)
CONTAMINANT_CODE,4012,Photon Emitters
CONTAMINANT_CODE,4020,Radium-226
CONTAMINANT_CODE,4030,Radium-228
CONTAMINANT_CODE,4040,"Alpha, Dissolved"
CONTAMINANT_CODE,4041,"Alpha, Suspended"
CONTAMINANT_CODE,4042,"Beta, Dissolved"
CONTAMINANT_CODE,4043,"Beta, Suspended"
CONTAMINANT_CODE,4044,"Potassium-40, Total"
CONTAMINANT_CODE,4100,Gross Beta Particle Activity
CONTAMINANT_CODE,4101,ManMade Beta Particle and Photon Emitter
CONTAMINANT_CODE,4102,Tritium
CONTAMINANT_CODE,4104,4-BERYLLIUM-7
CONTAMINANT_CODE,4106,4-BERYLLIUM-10
CONTAMINANT_CODE,4108,6-CARBON-14
CONTAMINANT_CODE,4109,Gross Alpha Particle Activity
CONTAMINANT_CODE,4110,11-SODIUM-22
CONTAMINANT_CODE,4112,15-PHOSPHORUS-32
CONTAMINANT_CODE,4114,16-SULFUR-35
CONTAMINANT_CODE,4116,17-CHLORINE-36
CONTAMINANT_CODE,4118,20-CALCIUM-45
CONTAMINANT_CODE,4120,20-CALCIUM-47
CONTAMINANT_CODE,4122,21-SCANDIUM-46
CONTAMINANT_CODE,4124,21-SCANDIUM-47
CONTAMINANT_CODE,4126,21-SCANDIUM-48
CONTAMINANT_CODE,4128,23-VANADIUM-48
CONTAMINANT_CODE,4130,24-CHROMIUM-51
CONTAMINANT_CODE,4132,25-MANGANESE-54
CONTAMINANT_CODE,4134,26-IRON-55
CONTAMINANT_CODE,4136,26-IRON-59
CONTAMINANT_CODE,4138,27-COBALT-57
CONTAMINANT_CODE,4140,27-COBALT-58
CONTAMINANT_CODE,4142,27-COBALT-60
CONTAMINANT_CODE,4144,28-NICKEL-59
CONTAMINANT_CODE,4146,28-NICKEL-63
CONTAMINANT_CODE,4148,30-ZINC-65
CONTAMINANT_CODE,4150,32-GERANIUM-71
CONTAMINANT_CODE,4152,33-ARSENIC-73
CONTAMINANT_CODE,4154,33-ARSENIC-74
CONTAMINANT_CODE,4156,33-ARSENIC-76
CONTAMINANT_CODE,4158,33-ARSENIC-77
CONTAMINANT_CODE,4160,34-SELENIUM-75
CONTAMINANT_CODE,4162,34-SELENIUM-79
CONTAMINANT_CODE,4164,35-BROMIDE-82
CONTAMINANT_CODE,4166,37-RUBIDIUM-86
CONTAMINANT_CODE,4168,37-RUBIDIUM-87
CONTAMINANT_CODE,4170,38-STRONTIUM-85
CONTAMINANT_CODE,4172,38-STRONTIUM-89
CONTAMINANT_CODE,4174,38-STRONTIUM-90
CONTAMINANT_CODE,4176,39-YTTRIUM-90
CONTAMINANT_CODE,4178,39-YTTRIUM-91
CONTAMINANT_CODE,4180,39-YTTRIUM-91M
CONTAMINANT_CODE,4182,40-ZIRCONIUM-93
CONTAMINANT_CODE,4184,40-ZIRCONIUM-95
CONTAMINANT_CODE,4186,41-NIOBIUM-93
CONTAMINANT_CODE,4188,41-NIOBIUM-95
CONTAMINANT_CODE,4190,42-MOLYBDENUM-93
CONTAMINANT_CODE,4192,42-MOLYBDENUM-99
CONTAMINANT_CODE,4194,43-TECHNETIUM-96
CONTAMINANT_CODE,2414,"1,2,3-Trichloropropane"
CONTAMINANT_CODE,4196,43-TECHNETIUM-97M
CONTAMINANT_CODE,4198,43-TECHNETIUM-97
CONTAMINANT_CODE,4200,43-TECHNETIUM-99
CONTAMINANT_CODE,4202,43-TECHNETIUM-99M
CONTAMINANT_CODE,4204,44-RUTHENIUM-97
CONTAMINANT_CODE,4206,44-RUTHENIUM-103
CONTAMINANT_CODE,4208,44-RUTHENIUM-106
CONTAMINANT_CODE,4210,45-RHODIUM-105
CONTAMINANT_CODE,4212,46-PALLADIUM-103
CONTAMINANT_CODE,4214,46-PALLADIUM-107
CONTAMINANT_CODE,4216,47-SILVER-105M
CONTAMINANT_CODE,4218,47-SILVER-110M
CONTAMINANT_CODE,4220,47-SILVER-110
CONTAMINANT_CODE,4222,47-SILVER-111
CONTAMINANT_CODE,4224,48-CADMIUM-109
CONTAMINANT_CODE,4226,48-CADMIUM-113M
CONTAMINANT_CODE,4228,48-Cadmium-115M
CONTAMINANT_CODE,4230,48-CADMIUM-115
CONTAMINANT_CODE,4232,49-INDIUM-115
CONTAMINANT_CODE,4234,50-TIN-113
CONTAMINANT_CODE,4236,50-TIN-123
CONTAMINANT_CODE,4238,50-TIN-125
CONTAMINANT_CODE,4240,51-ANTIMONY-122
CONTAMINANT_CODE,4242,51-ANTIMONY-124
CONTAMINANT_CODE,4244,51-ANTIMONY-125
CONTAMINANT_CODE,4246,51-ANTIMONY-127
CONTAMINANT_CODE,4248,52-TELLURIUM-125M
CONTAMINANT_CODE,4250,52-Tellurium-127M
CONTAMINANT_CODE,4252,52-TELLURIUM-127
CONTAMINANT_CODE,4254,52-Tellurium-129M
CONTAMINANT_CODE,4256,52-TELLURIUM-129
CONTAMINANT_CODE,4258,52-TELLURIUM-132
CONTAMINANT_CODE,4260,53-IODINE-126
CONTAMINANT_CODE,4262,53-IODINE-129
CONTAMINANT_CODE,4264,53-IODINE-131
CONTAMINANT_CODE,4266,55-CESIUM-131
CONTAMINANT_CODE,4270,55-CESIUM-134
CONTAMINANT_CODE,4272,55-CESIUM-135
CONTAMINANT_CODE,4274,55-CESIUM-136
CONTAMINANT_CODE,4276,55-CESIUM-137
CONTAMINANT_CODE,4278,56-BARIUM-140
CONTAMINANT_CODE,4280,57-LANTHANUM-140
CONTAMINANT_CODE,4282,58-CERIUM-141
CONTAMINANT_CODE,4284,58-CERIUM-143
CONTAMINANT_CODE,4286,58-CERIUM-144
CONTAMINANT_CODE,4288,59-PRASEODYMIUM-143
CONTAMINANT_CODE,4290,60-NEODYMIUM-147
CONTAMINANT_CODE,4292,61-PROMETHIUM-147
CONTAMINANT_CODE,4294,61-PROMETHIUM-148
CONTAMINANT_CODE,4296,61-Promethium-148M
CONTAMINANT_CODE,4298,61-PROMETHIUM-149
CONTAMINANT_CODE,4300,62-SAMARIUM-151
CONTAMINANT_CODE,4302,62-SAMARIUM-153
CONTAMINANT_CODE,4304,63-EUROPIUM-152
CONTAMINANT_CODE,4306,63-EUROPIUM-154
CONTAMINANT_CODE,4308,63-EUROPIUM-155
CONTAMINANT_CODE,4310,63-EUROPIUM-156
CONTAMINANT_CODE,4312,64-GADOLIUM-153
CONTAMINANT_CODE,4314,65-TERBIUM-160
CONTAMINANT_CODE,4316,66-DYSPROSIUM-166
CONTAMINANT_CODE,4318,67-HOLMIUM-166
CONTAMINANT_CODE,4320,67-Holmium-166M
CONTAMINANT_CODE,4322,68-ERBIUM-169
CONTAMINANT_CODE,4324,69-THULIUM-170
CONTAMINANT_CODE,4326,69-THULIUM-171
CONTAMINANT_CODE,4328,70-YTTERBIUM-175
CONTAMINANT_CODE,4330,71-LUTETIUM-177
CONTAMINANT_CODE,4332,72-HAFNIUM-181
CONTAMINANT_CODE,4334,73-TANTALUM-182
CONTAMINANT_CODE,1097,"CYANIDE, FREE"
CONTAMINANT_CODE,1098,"CYANIDE, TOTAL"
CONTAMINANT_CODE,2800,PFAS RULE
CONTAMINANT_CODE,2840,HAZARD INDEX PFAS
CONTAMINANT_CODE,7003,CONSUMER CONFIDENCE RULE 3
CONTAMINANT_CODE,4350,76-OSMIUM-191
CONTAMINANT_CODE,4352,76-OSMIUM-193
CONTAMINANT_CODE,4354,77-IRIDIUM-190
CONTAMINANT_CODE,4356,77-IRIDIUM-192
CONTAMINANT_CODE,4358,78-PLATINUM-191
CONTAMINANT_CODE,4360,78-Platinum-193
CONTAMINANT_CODE,4362,78-Platinum-193M
CONTAMINANT_CODE,4364,79-GOLD-196
CONTAMINANT_CODE,4366,79-GOLD-198
CONTAMINANT_CODE,4368,81-THALLIUM-204
CONTAMINANT_CODE,4370,82-LEAD-203
CONTAMINANT_CODE,4372,82-LEAD-210
CONTAMINANT_CODE,4374,83-BISMUTH-206
CONTAMINANT_CODE,4376,83-BISMUTH-207
CONTAMINANT_CODE,4378,83-BISMUTH-210
CONTAMINANT_CODE,4380,84-POLONIUM-210
CONTAMINANT_CODE,4382,91-PROTACTINIUM-233
CONTAMINANT_CODE,4550,CYCLOATE
CONTAMINANT_CODE,4999,Note:  (Reserved by MSIS)
CONTAMINANT_CODE,5000,Lead and Copper Rule
CONTAMINANT_CODE,6440,NAPROPAMIDE
CONTAMINANT_CODE,6650,PRONAMIDE
CONTAMINANT_CODE,7000,Consumer Confidence Rule
CONTAMINANT_CODE,7035,AMETRYN
CONTAMINANT_CODE,7060,ATRATON
CONTAMINANT_CODE,7230,CARBOXIN
CONTAMINANT_CODE,7240,ALPHA-CHLORDANE
CONTAMINANT_CODE,7245,GAMMA-CHLORDANE
CONTAMINANT_CODE,7260,CHLOROBENZILATE
CONTAMINANT_CODE,7265,CHLORONEB
CONTAMINANT_CODE,7275,CHLOROPROPHAM
CONTAMINANT_CODE,7500,Public Notice
CONTAMINANT_CODE,7570,ETHOPROPHOS
CONTAMINANT_CODE,7575,ETRIDIAZOLE
CONTAMINANT_CODE,7585,FERNAMIPHOS
CONTAMINANT_CODE,7590,FENARIMOL
CONTAMINANT_CODE,7635,FLURIDONE
CONTAMINANT_CODE,7705,HEXAZINONE
CONTAMINANT_CODE,7785,MERPHOS
CONTAMINANT_CODE,7820,METHYL PARAXON
CONTAMINANT_CODE,7850,MEVINPHOS
CONTAMINANT_CODE,7930,NORFLURAZON
CONTAMINANT_CODE,8040,PROMETRYN
CONTAMINANT_CODE,8130,SIMETRYN
CONTAMINANT_CODE,8140,STIROFOS
CONTAMINANT_CODE,8195,TERBUTRYN
CONTAMINANT_CODE,8255,TRIADIMEFON
CONTAMINANT_CODE,8285,TRICYCLAZOLE
CONTAMINANT_CODE,8320,VERNOLATE
CONTAMINANT_CODE,8610,DICHLOROVOS
CONTAMINANT_CODE,8915,2-CHLOROBIPHENYL
CONTAMINANT_CODE,8920,"2,3-DICHLOROBIPHENYL"
CONTAMINANT_CODE,8940,"2,4,5-TRICHLOROBIPHENYL"
CONTAMINANT_CODE,8947,"2,2,4,4-TETRACHLOROBIPHENYL"
CONTAMINANT_CODE,8977,"2,2,3,4,6-PENTACHLOROBIPHENYL"
CONTAMINANT_CODE,9042,"2,2,4,4,5,6-HEXACHLOROBIPHENYL"
CONTAMINANT_CODE,9067,"2,2,3,3,4,4,6-HEPTACHLOROBIPHENYL"
CONTAMINANT_CODE,9092,"2,2,3,3,4,5,6,6-OCTACHLORPBIPHENYL"
CONTAMINANT_CODE,9339,CHLORODIBROMOACETIC ACID
CONTAMINANT_CODE,9535,BROMODICHLOROACETIC ACID
CONTAMINANT_CODE,9537,PEBULATE
CONTAMINANT_CODE,9639,TRIBROMOACETIC ACID
CONTAMINANT_CODE,9999,BENEZENE 2
CONTAMINANT_CODE,CU90,COPPER SUMMARY
CONTAMINANT_CODE,,Not applicable
CONTAMINANT_CODE,PB90,LEAD SUMMARY
CONTAMINANT_CODE,8000,Revised Total Coliform Rule
CONTAMINANT_CODE,2804,PERFLUORONONANOIC ACID (PFNA)
CONTAMINANT_CODE,2805,PERFLUOROCTANE SULFONIC ACID (PFOS)
CONTAMINANT_CODE,2806,PERFLUOROCTANOIC ACID (PFOA)
CONTAMINANT_CODE,3029,TOTAL COLIFORM FOR UCMR 3
CONTAMINANT_CODE,3030,BACTERIOPHAGE-MALE SPECIFIC
CONTAMINANT_CODE,3031,BACTERIOPHAGE-SOMATIC
CONTAMINANT_CODE,3032,AEROBIC SPORES
CONTAMINANT_CODE,3440,ENTEROVIRUSES
CONTAMINANT_CODE,3450,NOROVIRUSES
CONTAMINANT_CODE,5200,LEAD AND COPPER RULE REVISIONS
CONTAMINANT_CODE,5400,LEAD AND COPPER RULE IMPROVEMENTS
CONTAMINANT_CODE,2121,DIPHENAMID
CONTAMINANT_CODE,2122,DISULFOTON SULFONE
CONTAMINANT_CODE,2123,DISULFOTON SULFOXIDE
CONTAMINANT_CODE,2124,MGK 264
CONTAMINANT_CODE,2125,"3,5-DICHLOROBENZOIC ACID"
CONTAMINANT_CODE,2126,ACIFLUORFEN
CONTAMINANT_CODE,2127,QUINCLORAC
CONTAMINANT_CODE,2128,METHYLACRYLATE
CONTAMINANT_CODE,2431,2-METHOXYETHANOL
CONTAMINANT_CODE,2432,2-PROPEN-1-OL
CONTAMINANT_CODE,2433,BUTYLATED HYDROXANISOLE
CONTAMINANT_CODE,2434,O-TOLUIDINE
CONTAMINANT_CODE,2457,HAABR6
CONTAMINANT_CODE,2459,HAA9
CONTAMINANT_CODE,2807,PERFLUORODECANOIC ACID (PFDA)
CONTAMINANT_CODE,2808,PERFLUORODODECANOIC ACID (PFDOA)
CONTAMINANT_CODE,2809,PERFLUOROHEXANOIC ACID (PFHXA)
CONTAMINANT_CODE,2810,PERFLUOROTETRADECANOIC ACID (PFTA)
CONTAMINANT_CODE,2811,PERFLUOROTRIDECANOIC ACID (PFTRDA)
CONTAMINANT_CODE,2812,PERFLUOROUNDECANOIC ACID (PFUNA)
CONTAMINANT_CODE,2813,11CL-PF3OUDS
CONTAMINANT_CODE,2814,9CL-PF3ONS
CONTAMINANT_CODE,2815,ADONA
CONTAMINANT_CODE,2816,HFPO-DA
CONTAMINANT_CODE,2817,NETFOSAA
CONTAMINANT_CODE,2818,NMEFOSAA
CONTAMINANT_CODE,2819,PERFLUOROBUTANOIC ACID (PFBA) 
CONTAMINANT_CODE,2820,PERFLUOROOCTANE SULFONIC ACID 6:2 FTS 
CONTAMINANT_CODE,2821,PERFLUOROHEXANE SULFONIC ACID 4:2 FTS
CONTAMINANT_CODE,2822,PERFLUORODECANE SULFONIC ACID 8:2 FTS 
CONTAMINANT_CODE,2823,PERFLUORO PFMPA
CONTAMINANT_CODE,2824,PERFLUOROPENTANOIC ACID (PFPEA) 
CONTAMINANT_CODE,2825,PERFLUORO PFMBA 
CONTAMINANT_CODE,2826,PERFLUORO PFEESA 
CONTAMINANT_CODE,2827,NONAFLUORO NFDHA
CONTAMINANT_CODE,2828,PERFLUOROPENTANESULFONIC ACID (PFPES) 
CONTAMINANT_CODE,2829,PERFLUOROHEPTANESULFONIC ACID (PFHPS) 
CONTAMINANT_CODE,2830,TOTAL PFOA AND PFOS
CONTAMINANT_CODE,3301,TOTAL MICROCYSTIN
CONTAMINANT_CODE,3302,CYLINDROSPERMOPSIN
CONTAMINANT_CODE,3303,MICROCYSTIN-LA
CONTAMINANT_CODE,3304,MICROCYSTIN-LF
CONTAMINANT_CODE,3305,MICROCYSTIN-LR
CONTAMINANT_CODE,3306,MICROCYSTIN-LY
CONTAMINANT_CODE,3307,MICROCYSTIN-RR
CONTAMINANT_CODE,3308,MICROCYSTIN-YR
CONTAMINANT_CODE,3309,NODULARIN
CONTAMINANT_CODE,3311,ANATOXIN –A
CONTAMINANT_CODE,3435,QUINOLINE
CONTAMINANT_CODE,8402,ACETAMINOPHEN
CONTAMINANT_CODE,8404,TERTIARY BUTYL ALCOHOL (TBA)
CONTAMINANT_CODE,8405,N-NITROSOMORPHOLINE (NMOR)
CONTAMINANT_CODE,8406,N-NITROSOMETHYLETHYLAMINE (NMEA)
CONTAMINANT_CODE,8407,N-NITROSOPIPERIDINE (NPIP)
CONTAMINANT_CODE,8408,N-NITROSODIETHYLAMINE (NDEA)
CONTAMINANT_CODE,8409,N-NITROSOPYRROLIDINE (NPYR)
CONTAMINANT_CODE,8410,N-NITROSODI-N-BUTYLAMINE (NDBA)
CONTAMINANT_CODE,8411,"2,4,6-TRINITROTOLUENE (TNT)"
CONTAMINANT_CODE,8412,CAFFEINE
CONTAMINANT_CODE,8413,CYCLOTETRAMETHYLENETETRANITRAMINE (HMX)
CONTAMINANT_CODE,8414,GEMFIBROZIL
CONTAMINANT_CODE,8901,TRICLOSAN
CONTAMINANT_CODE,9536,DIBROMOCHLOROACETIC ACID
CONTAMINANT_CODE,1053,GERMANIUM
CONTAMINANT_CODE,2115,ALPHA-HEXACHLOROCYCLOHEXANE
CONTAMINANT_CODE,2116,DIMETHIPIN
CONTAMINANT_CODE,2117,OXYFLUORFEN
CONTAMINANT_CODE,2118,PROFENOFOS
CONTAMINANT_CODE,2119,TEBUCONAZOLE
CONTAMINANT_CODE,0900,ADWR
CONTAMINANT_CODE,2486,"1,3-BUTADIENE"
CONTAMINANT_CODE,2487,CHLORODIFLUOROMETHANE (HCFC-22)
CONTAMINANT_CODE,2701,17-BETA-ESTRADIOL
CONTAMINANT_CODE,2702,17-ALPHA-ETHYNYLESTRADIOL
CONTAMINANT_CODE,2703,EQUILIN
CONTAMINANT_CODE,2704,ESTRIOL
CONTAMINANT_CODE,2705,"4-ANDROSTENE-3,17-DIONE"
CONTAMINANT_CODE,2706,TESTOSTERONE
CONTAMINANT_CODE,2707,ESTRONE
CONTAMINANT_CODE,2801,PERFLUOROBUTANE SULFONIC ACID (PFBS)
CONTAMINANT_CODE,2802,PERFLUOROHEPTANOIC ACID (PFHPA)
CONTAMINANT_CODE,2803,PERFLUOROHEXANE SULFONIC ACID (PFHXS)
CONTAMINANT_CODE,2408,Dibromomethane
CONTAMINANT_CODE,2419,"1,2,3-Trimethylbenzene"
CONTAMINANT_CODE,2420,"1,2,3-Trichlorobenzene"
CONTAMINANT_CODE,2422,n-Butylbenzene
CONTAMINANT_CODE,2424,"1,3,5-Trimethylbenzene"
CONTAMINANT_CODE,2426,tert-Butylbenzene
CONTAMINANT_CODE,2428,sec-Butylbenzene
CONTAMINANT_CODE,2430,Bromochloromethane
CONTAMINANT_CODE,2440,Dicamba
CONTAMINANT_CODE,2441,Methane
CONTAMINANT_CODE,2442,Methyl acetate
CONTAMINANT_CODE,2443,Methyl alcohol
CONTAMINANT_CODE,2444,Methyl Cellosolve
CONTAMINANT_CODE,2445,Propyl acetate
CONTAMINANT_CODE,2446,n-Propyl alcohol
CONTAMINANT_CODE,2447,Vinyl acetate
CONTAMINANT_CODE,2449,ETHANOIC ACID
CONTAMINANT_CODE,2450,Monochloroacetic acid
CONTAMINANT_CODE,2451,Dichloroacetic Acid
CONTAMINANT_CODE,2452,Trichloroacetic Acid
CONTAMINANT_CODE,2949,Maximum Total Trihalomethane Potential
CONTAMINANT_CODE,2950,TTHM
CONTAMINANT_CODE,2951,SIMULATED DISTRIBUTION SYSTEM (SDS) TEST
CONTAMINANT_CODE,2952,CHLORAL HYDRATE
CONTAMINANT_CODE,2954,DICHLOROACETONITRILE
CONTAMINANT_CODE,2955,"Xylenes, Total"
CONTAMINANT_CODE,2956,"1,1,1-TRICHLORO-2-PROPANONE"
CONTAMINANT_CODE,2957,"1,1-DICHLORO-2-PROPANONE"
CONTAMINANT_CODE,2959,Chlordane
CONTAMINANT_CODE,2960,Ethylene glycol
CONTAMINANT_CODE,2961,Formaldehyde
CONTAMINANT_CODE,2962,p-Xylene
CONTAMINANT_CODE,2963,"XYLENE, META AND PARA"
CONTAMINANT_CODE,2964,DICHLOROMETHANE
CONTAMINANT_CODE,2965,o-Chlorotoluene
CONTAMINANT_CODE,2966,p-Chlorotoluene
CONTAMINANT_CODE,2967,m-Dichlorobenzene
CONTAMINANT_CODE,2968,o-Dichlorobenzene
CONTAMINANT_CODE,2969,p-Dichlorobenzene
CONTAMINANT_CODE,2970,"trans-1,4-Dichloro-2-butene"
CONTAMINANT_CODE,2975,Dichloroiodomethane
CONTAMINANT_CODE,2976,Vinyl chloride
CONTAMINANT_CODE,2977,"1,1-Dichloroethylene"
CONTAMINANT_CODE,2978,"1,1-Dichloroethane"
CONTAMINANT_CODE,2979,"trans-1,2-Dichloroethylene"
CONTAMINANT_CODE,2980,"1,2-Dichloroethane"
CONTAMINANT_CODE,2981,"1,1,1-Trichloroethane"
CONTAMINANT_CODE,2982,Carbon tetrachloride
CONTAMINANT_CODE,2983,"1,2-Dichloropropane"
CONTAMINANT_CODE,2984,Trichloroethylene
CONTAMINANT_CODE,2985,"1,1,2-Trichloroethane"
CONTAMINANT_CODE,2986,"1,1,1,2-Tetrachloroethane"
CONTAMINANT_CODE,2987,Tetrachloroethylene
CONTAMINANT_CODE,2988,"1,1,2,2-Tetrachloroethane"
CONTAMINANT_CODE,2989,CHLOROBENZENE
CONTAMINANT_CODE,2990,Benzene
CONTAMINANT_CODE,2991,Toluene
CONTAMINANT_CODE,2992,Ethylbenzene
CONTAMINANT_CODE,2993,Bromobenzene
CONTAMINANT_CODE,2994,Isopropylbenzene
CONTAMINANT_CODE,2995,m-Xylene
CONTAMINANT_CODE,2996,Styrene
CONTAMINANT_CODE,2997,o-Xylene
CONTAMINANT_CODE,2998,n-Propylbenzene
CONTAMINANT_CODE,2999,Note:  (Reserved by MSIS)
CONTAMINANT_CODE,2A01,Gasoline
CONTAMINANT_CODE,2A02,#2 FUEL OIL
CONTAMINANT_CODE,2A03,Jet Fuel
CONTAMINANT_CODE,2A04,#4 FUEL OIL
CONTAMINANT_CODE,2A05,#5 FUEL OIL
CONTAMINANT_CODE,2A06,Motor Oil
CONTAMINANT_CODE,2A07,Submersible Pump Oil
CONTAMINANT_CODE,2A08,VARSOL
CONTAMINANT_CODE,2A09,Propane
CONTAMINANT_CODE,2U15,15 Unregulated Phase I VOCs
CONTAMINANT_CODE,2U34,34 Unregulated Phase I VOCs
CONTAMINANT_CODE,2U36,36 Unregulated Phase I VOCs
CONTAMINANT_CODE,2V07,7 Regulated Phase I VOCs
CONTAMINANT_CODE,2V08,8 Regulated Phase I VOCs
CONTAMINANT_CODE,3000,Coliform (Pre-TCR)
CONTAMINANT_CODE,3001,Heterotrophic Bacteria (HPC or SPC)
CONTAMINANT_CODE,3002,ENTEROCOCCI
CONTAMINANT_CODE,3003,Fecal Streptococcus
CONTAMINANT_CODE,3004,Staphylococcus
CONTAMINANT_CODE,3005,Non-coliform Growth Identification
CONTAMINANT_CODE,3006,Iron Bacteria Id
CONTAMINANT_CODE,3007,Salmonella-Shigella
CONTAMINANT_CODE,3008,Giardia lamblia
CONTAMINANT_CODE,2410,"1,1-Dichloropropene"
CONTAMINANT_CODE,2412,"1,3-Dichloropropane"
CONTAMINANT_CODE,2413,"1,3-DICHLOROPROPENE"
CONTAMINANT_CODE,2416,"2,2-Dichloropropane"
CONTAMINANT_CODE,2418,"1,2,4-Trimethylbenzene"
CONTAMINANT_CODE,3009,Fungus /ml
CONTAMINANT_CODE,3010,Virus PFU/gal
CONTAMINANT_CODE,3011,Actinomycetes /ml
CONTAMINANT_CODE,3012,Legionella
CONTAMINANT_CODE,3013,Fecal Coliform
CONTAMINANT_CODE,3014,E. COLI
CONTAMINANT_CODE,3015,Cryptosporidium
CONTAMINANT_CODE,3016,SHIGELLA
CONTAMINANT_CODE,3017,PSEUDOMONAS
CONTAMINANT_CODE,3018,CLOSTRIDIUM
CONTAMINANT_CODE,3019,CAMPYLOBACTER JEJUNI
CONTAMINANT_CODE,3020,VIBRIO CHOLERAE
CONTAMINANT_CODE,3021,LEPTOSPIRES
CONTAMINANT_CODE,3022,YERSINIA ENTEROCOLITICA
CONTAMINANT_CODE,3023,ENTEROBACTER
CONTAMINANT_CODE,3024,KLEBSIELLA
CONTAMINANT_CODE,3025,CITROBACTER
CONTAMINANT_CODE,2453,Monobromoacetic acid
CONTAMINANT_CODE,2454,Dibromoacetic acid
CONTAMINANT_CODE,2455,Bromochloroacetic Acid
CONTAMINANT_CODE,2456,Total Haloacetic Acids (HAA5)
CONTAMINANT_CODE,2458,METHYL IODINE
CONTAMINANT_CODE,2460,Chloral hydrate
CONTAMINANT_CODE,2461,Dichloroacetonitrile
CONTAMINANT_CODE,2462,Bromochloroacetonitrile
CONTAMINANT_CODE,2463,"1,1-Dichloropropanone"
CONTAMINANT_CODE,2464,"1,1,1-Trichloropropanone"
CONTAMINANT_CODE,2465,Chloropicrin
CONTAMINANT_CODE,2466,Chloroacetonitrile
CONTAMINANT_CODE,2467,METHACRYLONITRILE
CONTAMINANT_CODE,2468,Propionitrile
CONTAMINANT_CODE,2469,2-Nitropropane
CONTAMINANT_CODE,2470,ACETALDEHYDE
CONTAMINANT_CODE,2471,Propanal
CONTAMINANT_CODE,2472,Butanal
CONTAMINANT_CODE,2473,Pentanal
CONTAMINANT_CODE,2474,Glyoxal
CONTAMINANT_CODE,2475,Methyl gloyoxal
CONTAMINANT_CODE,2476,Hexanal
CONTAMINANT_CODE,2477,Heptanal
CONTAMINANT_CODE,2478,Octanal
CONTAMINANT_CODE,2479,Benzaldehyde
CONTAMINANT_CODE,2480,Nonanal
CONTAMINANT_CODE,2481,Decanal
CONTAMINANT_CODE,2485,AOC/BDOC
CONTAMINANT_CODE,2520,Vinyl 2-chloroethyl ether
CONTAMINANT_CODE,2545,TERBUFOS
CONTAMINANT_CODE,2570,FONOFOS
CONTAMINANT_CODE,2590,MOCAP
CONTAMINANT_CODE,2595,Metribuzin
CONTAMINANT_CODE,2605,THIMET
CONTAMINANT_CODE,2615,Prowl
CONTAMINANT_CODE,2620,Amiben
CONTAMINANT_CODE,2625,BENTAZON
CONTAMINANT_CODE,2626,MOLINATE
CONTAMINANT_CODE,2635,BOLSTAR
CONTAMINANT_CODE,2650,"DICHLOROETHYLENE, TOTAL"
CONTAMINANT_CODE,2655,"1,3-Dichloropropylene, Total"
CONTAMINANT_CODE,2727,THIOBENCARB (BOLERO)
CONTAMINANT_CODE,2904,TRICHLOROTRIFLUOROETHANE
CONTAMINANT_CODE,2905,Foaming Agents (Surfactants)
CONTAMINANT_CODE,2910,Phenols
CONTAMINANT_CODE,2919,"Carbon, Dissolved Organic (DOC)"
CONTAMINANT_CODE,2920,"CARBON, TOTAL"
CONTAMINANT_CODE,2921,Total Organic Halide (TOX)
CONTAMINANT_CODE,2922,UV Absorbance @254 nm
CONTAMINANT_CODE,2923,SUVA (SPECFIC ULTRAVIOLET ABSORBANCE)
CONTAMINANT_CODE,2930,Kepone
CONTAMINANT_CODE,2931,"1,2-DIBROMO-3-CHLOROPROPANE"
CONTAMINANT_CODE,2932,Mirex
CONTAMINANT_CODE,2933,DICHLORAN
CONTAMINANT_CODE,2934,PENTACHLORONITROBENZENE
CONTAMINANT_CODE,2940,HMPA
CONTAMINANT_CODE,2941,Chloroform
CONTAMINANT_CODE,2942,Bromoform
CONTAMINANT_CODE,2943,Bromodichloromethane
CONTAMINANT_CODE,2944,Dibromochloromethane
CONTAMINANT_CODE,2946,ETHYLENE DIBROMIDE
CONTAMINANT_CODE,3026,AEROMONAS
CONTAMINANT_CODE,3027,ERWINIA
CONTAMINANT_CODE,3028,COLIPHAGE
CONTAMINANT_CODE,3100,Coliform (TCR)
CONTAMINANT_CODE,2953,CHLOROPICRIN
CONTAMINANT_CODE,3200,Aeromonas hydrophila
CONTAMINANT_CODE,3201,Aeromonas spp.
CONTAMINANT_CODE,3210,Helicobacter pylori
CONTAMINANT_CODE,3300,CYANOBACTERIA
CONTAMINANT_CODE,3310,ALGAE TOXINS
CONTAMINANT_CODE,3400,Echoviruses
CONTAMINANT_CODE,3410,Coxsackieviruses
CONTAMINANT_CODE,3420,CALICIVIRUSES
CONTAMINANT_CODE,3430,Adenoviruses
CONTAMINANT_CODE,3500,Microsporidia
CONTAMINANT_CODE,1064,CONDUCTIVITY @ 25 C UMHOS/CM
CONTAMINANT_CODE,1065,Tot Extractable Hydrocarbons-Waste Oil
CONTAMINANT_CODE,1066,"pH, CaCO3 Stability S.U."
CONTAMINANT_CODE,1067,"Alkalinity, CaCO3 Stability"
CONTAMINANT_CODE,1068,"Acidity, Total (CaCO3)"
CONTAMINANT_CODE,1069,"Acidity, M.O. (CaCO3)"
CONTAMINANT_CODE,1070,"Residue, Total"
CONTAMINANT_CODE,1071,"Residue, Settleable (by Weight)"
CONTAMINANT_CODE,1072,"PHOSPHORUS, SOLUBLE"
CONTAMINANT_CODE,1073,"Phosphate, Reactive"
CONTAMINANT_CODE,1074,"Antimony, Total"
CONTAMINANT_CODE,1075,"Beryllium, Total"
CONTAMINANT_CODE,1076,COD mg/l
CONTAMINANT_CODE,1077,"Residue, Nonfilterable, Volatile"
CONTAMINANT_CODE,1078,"Bismuth, Total"
CONTAMINANT_CODE,1079,"Boron, Total"
CONTAMINANT_CODE,1080,"CHROMIUM, HEX"
CONTAMINANT_CODE,1081,"Cobalt, Total"
CONTAMINANT_CODE,1082,"Iron, Dissolved"
CONTAMINANT_CODE,1083,"Lithium, Total"
CONTAMINANT_CODE,1084,"Molybdenum, Total"
CONTAMINANT_CODE,1085,"Thallium, Total"
CONTAMINANT_CODE,1086,"Tin, Total"
CONTAMINANT_CODE,1087,"Titanium, Total"
CONTAMINANT_CODE,1088,"Vanadium, Total"
CONTAMINANT_CODE,1089,MBAS - FOAMING AGENTS (SURFACTANTS)
CONTAMINANT_CODE,1090,"Oil-Grease, Total"
CONTAMINANT_CODE,1091,"BOD, 5-DAY, MG/L"
CONTAMINANT_CODE,1092,TOD mg/l
CONTAMINANT_CODE,1093,"Phosphorus, Total"
CONTAMINANT_CODE,1094,Asbestos
CONTAMINANT_CODE,1095,Zinc
CONTAMINANT_CODE,1096,OZONE
CONTAMINANT_CODE,1901,Carbon dioxide
CONTAMINANT_CODE,1902,Carbon disulfide
CONTAMINANT_CODE,1905,Color
CONTAMINANT_CODE,1910,Corrosivity
CONTAMINANT_CODE,1914,Calcium Hardness
CONTAMINANT_CODE,1915,"Hardness, Total (as CaC03)"
CONTAMINANT_CODE,1916,"Hardness, Carbonate"
CONTAMINANT_CODE,1917,"Hardness, Noncarbonate"
CONTAMINANT_CODE,1918,"Hardness, Calcium Magnesium"
CONTAMINANT_CODE,1919,Calcium
CONTAMINANT_CODE,1920,Odor
CONTAMINANT_CODE,1925,pH
CONTAMINANT_CODE,1927,"Alkalinity, Total"
CONTAMINANT_CODE,1928,"Alkalinity, Bicarbonate"
CONTAMINANT_CODE,1929,"Alkalinity, Carbonate"
CONTAMINANT_CODE,1930,TDS
CONTAMINANT_CODE,1931,"Alkalinity, Phenolphthalein"
CONTAMINANT_CODE,1993,Stability Index
CONTAMINANT_CODE,1994,Aggressive Index
CONTAMINANT_CODE,1995,Scale Forming
CONTAMINANT_CODE,1996,Temperature (Centigrade)
CONTAMINANT_CODE,1997,LANGELIER INDEX (PH(S))
CONTAMINANT_CODE,1998,Saturation Index
CONTAMINANT_CODE,1999,Note:  (Reserved by MSIS)
CONTAMINANT_CODE,2***,ALL NIPDWR ORGANIC CONTAMINANTS
CONTAMINANT_CODE,2004,Alachlor ESA
CONTAMINANT_CODE,2005,Endrin
CONTAMINANT_CODE,2006,DESETHYLATRAZINE
CONTAMINANT_CODE,2007,DES-ISOPROPYL-ATRAZINE
CONTAMINANT_CODE,2009,"4,4â€™-DDE"
CONTAMINANT_CODE,2010,BHC-GAMMA
CONTAMINANT_CODE,2015,Methoxychlor
CONTAMINANT_CODE,2020,Toxaphene
CONTAMINANT_CODE,2021,Carbaryl
CONTAMINANT_CODE,2022,Methomyl
CONTAMINANT_CODE,2023,BAYGON
CONTAMINANT_CODE,2024,Methiocarb
CONTAMINANT_CODE,2027,Acetochlor
CONTAMINANT_CODE,2028,Paraquat
CONTAMINANT_CODE,2029,PROMETON
CONTAMINANT_CODE,2030,p-Isopropyltoluene
CONTAMINANT_CODE,2031,Dalapon
CONTAMINANT_CODE,2032,Diquat
CONTAMINANT_CODE,2033,Endothall
CONTAMINANT_CODE,2034,Glyphosate
CONTAMINANT_CODE,2035,Di(2-ethylhexyl) adipate
CONTAMINANT_CODE,2036,OXAMYL
CONTAMINANT_CODE,2037,Simazine
CONTAMINANT_CODE,2038,PAHs
CONTAMINANT_CODE,2039,Di(2-ethylhexyl) phthalate
CONTAMINANT_CODE,2040,Picloram
CONTAMINANT_CODE,2041,Dinoseb
CONTAMINANT_CODE,2042,Hexachlorocyclopentadiene
CONTAMINANT_CODE,2043,Aldicarb sulfoxide
CONTAMINANT_CODE,2044,Aldicarb sulfone
CONTAMINANT_CODE,2045,Metolachlor
CONTAMINANT_CODE,2046,Carbofuran
CONTAMINANT_CODE,2047,Aldicarb
CONTAMINANT_CODE,2048,Hypochlorite Ion
CONTAMINANT_CODE,2049,"1,4-Dioxane"
CONTAMINANT_CODE,2050,Atrazine
CONTAMINANT_CODE,2051,LASSO
CONTAMINANT_CODE,2052,EPTC
CONTAMINANT_CODE,2053,SUTAN
CONTAMINANT_CODE,2054,CYANAZINE
CONTAMINANT_CODE,2055,Trifluralin
CONTAMINANT_CODE,2056,SPECTRACIDE
CONTAMINANT_CODE,2057,CHLOROPYRIFOS
CONTAMINANT_CODE,2058,Malathion
CONTAMINANT_CODE,2059,GUTHION
CONTAMINANT_CODE,2060,ISOFENPHOS
CONTAMINANT_CODE,2061,Trithion
CONTAMINANT_CODE,2062,Ethion
CONTAMINANT_CODE,2063,"2,3,7,8-TCDD"
CONTAMINANT_CODE,2064,PARATHION (ETHYL)
CONTAMINANT_CODE,2065,Heptachlor
CONTAMINANT_CODE,2066,3-Hydroxycarbofuran
CONTAMINANT_CODE,2067,Heptachlor epoxide
CONTAMINANT_CODE,2068,Endosulfan I
CONTAMINANT_CODE,2069,PARA-PARA DDE
CONTAMINANT_CODE,2392,Aroclor 1232
CONTAMINANT_CODE,2394,Aroclor 1242
CONTAMINANT_CODE,2396,Aroclor 1248
CONTAMINANT_CODE,2398,Aroclor 1254
CONTAMINANT_CODE,2399,PCB 1262
CONTAMINANT_CODE,2400,Aroclor 1260
CONTAMINANT_CODE,2401,"Dichlorobenzenes, Total"
CONTAMINANT_CODE,2402,ALLYL CHLORIDE
CONTAMINANT_CODE,1021,Hydroxide as Calcium Carbonate
CONTAMINANT_CODE,1022,"COPPER, FREE"
CONTAMINANT_CODE,1023,UNKNOWN
CONTAMINANT_CODE,2071,PARA-PARA DDD
CONTAMINANT_CODE,2072,Endosulfan II
CONTAMINANT_CODE,2073,Phosdrin
CONTAMINANT_CODE,2074,Endosulfan sulfate
CONTAMINANT_CODE,4336,74-TUNGSTEN-181
CONTAMINANT_CODE,0200,Surface Water Treatment Rule
CONTAMINANT_CODE,0300,Interim Enhanced Surface Water Treatment Rule
CONTAMINANT_CODE,0400,Stage 1 Disinfectants and Disinfection Byproducts Rule
CONTAMINANT_CODE,0500,Filter Backwash Rule
CONTAMINANT_CODE,0600,Stage 2 Disinfectants and Disinfection Byproducts Rule
CONTAMINANT_CODE,0700,Groundwater Rule
CONTAMINANT_CODE,0800,Long Term 2 Enhanced Surface Water Treatment Rule
CONTAMINANT_CODE,0999,Chlorine
CONTAMINANT_CODE,1***,ALL NIPDWR INORGANIC CONTAMINANTS
CONTAMINANT_CODE,1000,Total Chlorine
CONTAMINANT_CODE,1001,Combined Chlorine
CONTAMINANT_CODE,1002,Aluminum
CONTAMINANT_CODE,1003,Nitrogen-Ammonia as (N)
CONTAMINANT_CODE,1004,Bromide
CONTAMINANT_CODE,1005,Arsenic
CONTAMINANT_CODE,0100,Turbidity
CONTAMINANT_CODE,1006,Chloramine
CONTAMINANT_CODE,1007,Chlorate
CONTAMINANT_CODE,1008,Chlorine dioxide
CONTAMINANT_CODE,1009,Chlorite
CONTAMINANT_CODE,1010,Barium
CONTAMINANT_CODE,1011,Bromate
CONTAMINANT_CODE,1012,Residual Chlorine
CONTAMINANT_CODE,1013,Free Residual Chlorine
CONTAMINANT_CODE,1014,Ozone Residual
CONTAMINANT_CODE,1015,Cadmium
CONTAMINANT_CODE,2383,Total Polychlorinated Biphenyls (PCB)
CONTAMINANT_CODE,2384,DECACHLOROBIPHENYL
CONTAMINANT_CODE,2388,Aroclor 1016
CONTAMINANT_CODE,2390,Aroclor 1221
CONTAMINANT_CODE,1016,Calcium
CONTAMINANT_CODE,1017,Chloride
CONTAMINANT_CODE,1018,"Carbon, Total"
CONTAMINANT_CODE,1019,CALCIUM
CONTAMINANT_CODE,1020,Chromium
CONTAMINANT_CODE,2075,PARA-PARA DDT
CONTAMINANT_CODE,2076,Butachlor
CONTAMINANT_CODE,2077,Propachlor
CONTAMINANT_CODE,2078,Cryptosporidium
CONTAMINANT_CODE,2079,Dibromoacetonitrile
CONTAMINANT_CODE,2080,Cyanogen chloride
CONTAMINANT_CODE,2081,AMYL ACETATE
CONTAMINANT_CODE,2082,Butane
CONTAMINANT_CODE,2083,Butyl acetate
CONTAMINANT_CODE,2084,n-Butyl alcohol
CONTAMINANT_CODE,2085,sec-Butyl alcohol
CONTAMINANT_CODE,2086,1-Chlorobutane
CONTAMINANT_CODE,2087,1-Chlorohexane
CONTAMINANT_CODE,2088,Ethyl acetate
CONTAMINANT_CODE,2089,Ethyl alcohol
CONTAMINANT_CODE,2090,Ethyl ether
CONTAMINANT_CODE,2091,ISO-OCTANE
CONTAMINANT_CODE,2092,Isobutyl acetate
CONTAMINANT_CODE,2093,Isobutyl alcohol
CONTAMINANT_CODE,2094,Isopropyl acetate
CONTAMINANT_CODE,2095,Isopropyl alcohol
CONTAMINANT_CODE,2096,RDX
CONTAMINANT_CODE,2097,AMINOMETHYLPHOSPHONIC ACID
CONTAMINANT_CODE,2098,Bromacil
CONTAMINANT_CODE,2099,DCPA
CONTAMINANT_CODE,2100,DCPA MONO ACID DEGRADATE
CONTAMINANT_CODE,2101,DCPA DI ACID DEGRADATE
CONTAMINANT_CODE,2102,Disulfoton
CONTAMINANT_CODE,2103,Diuron
CONTAMINANT_CODE,2104,Fonofos (Dyfonate)
CONTAMINANT_CODE,2105,"2,4-D"
CONTAMINANT_CODE,2106,"2,4-DB"
CONTAMINANT_CODE,2107,Triclopyr
CONTAMINANT_CODE,2108,DCPA mono/di-acid degradates
CONTAMINANT_CODE,2109,"3,4-DICHLOROBENZOIC ACID"
CONTAMINANT_CODE,2110,"2,4,5-TP"
CONTAMINANT_CODE,2111,"2,4,5-T"
CONTAMINANT_CODE,2112,MECOPROP
CONTAMINANT_CODE,2113,MCPA
CONTAMINANT_CODE,2114,"PERMETHRIN (MIXED, CIS, TRANS)"
CONTAMINANT_CODE,2200,2-Nitroaniline
CONTAMINANT_CODE,2201,3-Nitroaniline
CONTAMINANT_CODE,2202,Dibenzofuran
CONTAMINANT_CODE,2203,4-Nitroaniline
CONTAMINANT_CODE,2204,Azobenzene
CONTAMINANT_CODE,2205,Chloramben
CONTAMINANT_CODE,2206,Dichlorprop
CONTAMINANT_CODE,2207,BENFLURALIN
CONTAMINANT_CODE,2209,Bromoxynil
CONTAMINANT_CODE,2210,Chloromethane
CONTAMINANT_CODE,2212,Dichlorodifluoromethane
CONTAMINANT_CODE,2213,Chlorothalonil
CONTAMINANT_CODE,2214,Bromomethane
CONTAMINANT_CODE,2215,CHLOROPYRIFOS
CONTAMINANT_CODE,2216,Chloroethane
CONTAMINANT_CODE,2070,Dieldrin
CONTAMINANT_CODE,1024,CYANIDE
CONTAMINANT_CODE,1025,Fluoride
CONTAMINANT_CODE,1026,Bicarbonate as HCO3
CONTAMINANT_CODE,1027,Hydrogen sulfide
CONTAMINANT_CODE,1028,Iron
CONTAMINANT_CODE,1029,"Iron, Suspended"
CONTAMINANT_CODE,1030,Lead
CONTAMINANT_CODE,1031,Magnesium
CONTAMINANT_CODE,1032,Manganese
CONTAMINANT_CODE,1033,"Manganese, Suspended"
CONTAMINANT_CODE,1034,"Manganese, Dissolved"
CONTAMINANT_CODE,1035,Mercury
CONTAMINANT_CODE,1036,Nickel
CONTAMINANT_CODE,1037,Total Kjeldahl Nitrogen (in Water mg/l)
CONTAMINANT_CODE,1038,Nitrate-Nitrite
CONTAMINANT_CODE,1039,Perchlorate
CONTAMINANT_CODE,1040,Nitrate
CONTAMINANT_CODE,1041,Nitrite
CONTAMINANT_CODE,1042,Potassium
CONTAMINANT_CODE,1043,"Phosphate, Total"
CONTAMINANT_CODE,1044,Orthophosphate
CONTAMINANT_CODE,1045,Selenium
CONTAMINANT_CODE,1046,Percent Sodium
CONTAMINANT_CODE,1047,Sodium Adsorption Ratio
CONTAMINANT_CODE,1048,Total Hardness (Gr/Gal)D
CONTAMINANT_CODE,1049,Silica
CONTAMINANT_CODE,1050,Silver
CONTAMINANT_CODE,1051,Strontium
CONTAMINANT_CODE,1052,Sodium
CONTAMINANT_CODE,1055,Sulfate
CONTAMINANT_CODE,1056,"Residue, Non filterable (TSS)"
CONTAMINANT_CODE,1057,"Residue, Total, Filterable"
CONTAMINANT_CODE,1058,"Residue, Filterable-Volatile"
CONTAMINANT_CODE,1059,"Residue, Filterable-Fixed"
CONTAMINANT_CODE,1060,"Residue, Total-Volatile"
CONTAMINANT_CODE,1061,"Residue, Total-Fixed"
CONTAMINANT_CODE,1062,Tot Extractable Hydrocarbons-Diesel Oil
CONTAMINANT_CODE,1063,"Residue, Nonfilterable-Fixed"
CONTAMINANT_CODE,2217,Chlorsulfuron
CONTAMINANT_CODE,2218,Trichlorofluoromethane
CONTAMINANT_CODE,2219,Trichloroacetonitrile
CONTAMINANT_CODE,2220,DICHROTOPHOS
CONTAMINANT_CODE,2221,Dimethoate
CONTAMINANT_CODE,2222,BIS(2-CHLOROETHYL) ETHER
CONTAMINANT_CODE,2223,DI-N-OCTYL PHTHALATE
CONTAMINANT_CODE,2224,"trans-1,3-Dichloropropene"
CONTAMINANT_CODE,2225,Hexachloroethane
CONTAMINANT_CODE,2226,"trans-1,2-Dichloropropene"
CONTAMINANT_CODE,2227,"2-Methyl-4,6-dinitrophenol"
CONTAMINANT_CODE,2228,"cis-1,3-Dichloropropene"
CONTAMINANT_CODE,2229,N-Nitrosodiphenylamine
CONTAMINANT_CODE,2230,Aniline
CONTAMINANT_CODE,2231,Benzyl alcohol
CONTAMINANT_CODE,2232,"1,2-DIBROMOETHYLENE"
CONTAMINANT_CODE,2233,2-METHYLPHENOL
CONTAMINANT_CODE,2234,2-CHLOROETHYL VINYL ETHER
CONTAMINANT_CODE,2235,4-Methylphenol
CONTAMINANT_CODE,2236,Diiodomethane
CONTAMINANT_CODE,2237,Benzoic acid
CONTAMINANT_CODE,2238,Acrolein
CONTAMINANT_CODE,2239,4-Chloroaniline
CONTAMINANT_CODE,2240,Acrylonitrile
CONTAMINANT_CODE,2241,2-METHYLNAPHTHALENE
CONTAMINANT_CODE,2242,"2,4,5-Trichlorophenol"
CONTAMINANT_CODE,2243,Acetone
CONTAMINANT_CODE,2244,Bis(2-chloroisopropyl) ether
CONTAMINANT_CODE,2245,Isopropyl ether
CONTAMINANT_CODE,2246,Hexachlorobutadiene
CONTAMINANT_CODE,2247,Methyl ethyl ketone
CONTAMINANT_CODE,2248,Naphthalene
CONTAMINANT_CODE,2249,Methyl isobutyl ketone
CONTAMINANT_CODE,2250,BIS(2-CHLOROETHOXY)METHANE
CONTAMINANT_CODE,2251,METHYL TERT-BUTYL ETHER
CONTAMINANT_CODE,2252,ETHALFLURALIN
CONTAMINANT_CODE,2253,DEMETON METHYL
CONTAMINANT_CODE,2254,Nitrobenzene
CONTAMINANT_CODE,2255,Pendimethalin
CONTAMINANT_CODE,2256,Propazine
CONTAMINANT_CODE,2257,Epichlorohydrin
CONTAMINANT_CODE,2258,2-Chloronaphthalene
CONTAMINANT_CODE,2259,1-NAPHTHOL
CONTAMINANT_CODE,2260,Acenaphthylene
CONTAMINANT_CODE,2261,Acenaphthene
CONTAMINANT_CODE,2262,Isophorone
CONTAMINANT_CODE,2263,Tetrahydrofuran
CONTAMINANT_CODE,2264,Fluorene
CONTAMINANT_CODE,2265,Acrylamide
CONTAMINANT_CODE,2266,"2,6-Dinitrotoluene"
CONTAMINANT_CODE,2267,PROPHOS
CONTAMINANT_CODE,2268,"1,2-Diphenylhydrazine"
CONTAMINANT_CODE,2269,2-Hexanone
CONTAMINANT_CODE,2270,"2,4-Dinitrotoluene"
CONTAMINANT_CODE,2271,Tebuthiuron
CONTAMINANT_CODE,2272,Terbacil
CONTAMINANT_CODE,2273,trans-Nonachlor
CONTAMINANT_CODE,2274,HEXACHLOROBENZENE
CONTAMINANT_CODE,2275,trans-permethrin
CONTAMINANT_CODE,2276,4-Bromophenyl phenyl ether
CONTAMINANT_CODE,2277,4-Methyl-2-pentanone
CONTAMINANT_CODE,2278,Phenanthrene
CONTAMINANT_CODE,2280,Anthracene
CONTAMINANT_CODE,2282,DIMETHYL PHTHALATE
CONTAMINANT_CODE,2283,Linuron
CONTAMINANT_CODE,2284,DIETHYL PHTHALATE
CONTAMINANT_CODE,2286,Fluoranthene
CONTAMINANT_CODE,2288,Pyrene
CONTAMINANT_CODE,2289,Propanil
CONTAMINANT_CODE,2290,DI-N-BUTYL PHTHALATE
CONTAMINANT_CODE,2291,Diflubenzuron
CONTAMINANT_CODE,2292,Benzidine
CONTAMINANT_CODE,2293,Ethyl methacrylate
CONTAMINANT_CODE,2294,BUTYLBENZYL PHTHALATE
CONTAMINANT_CODE,2295,Methyl methacrylate
CONTAMINANT_CODE,2296,Chrysene
CONTAMINANT_CODE,2297,Fluometuron
CONTAMINANT_CODE,2298,Bis(2-ethylhexyl) phthalate
CONTAMINANT_CODE,2300,Benzo(a)anthracene
CONTAMINANT_CODE,2301,Siduron
CONTAMINANT_CODE,2302,BENZO(B)FLUORANTHENE
CONTAMINANT_CODE,2303,Thidiazuron
CONTAMINANT_CODE,2304,BENZO(K)FLUORANTHENE
CONTAMINANT_CODE,2306,Benzo(a)pyrene
CONTAMINANT_CODE,2308,"Ideno(1,2,3-cd)pyrene"
CONTAMINANT_CODE,2310,"DIBENZO(A,H)ANTHRACENE"
CONTAMINANT_CODE,2312,"BENZO(G,H,I)PERYLENE"
CONTAMINANT_CODE,2314,N-Nitrosodimethylamine
CONTAMINANT_CODE,2315,1-METHYL-NAPHTHALENE
CONTAMINANT_CODE,2316,N-NITROSODI-N-PROPYLAMINE
CONTAMINANT_CODE,2318,4-Chlorophenyl phenyl ether
CONTAMINANT_CODE,2320,"3,3-Dichlorobenzidine"
CONTAMINANT_CODE,2324,Bis(chloromethyl) ether
CONTAMINANT_CODE,2325,Pentane
CONTAMINANT_CODE,2326,Pentachlorophenol
CONTAMINANT_CODE,2327,Pentachloroethane
CONTAMINANT_CODE,2328,"2,4-Dinitrophenol"
CONTAMINANT_CODE,2330,P-CHLORO-M-CRESOL
CONTAMINANT_CODE,2332,"2,4,6-Trichlorophenol"
CONTAMINANT_CODE,2334,"2,4-Dichlorophenol"
CONTAMINANT_CODE,2336,"2,4-Dimethylphenol"
CONTAMINANT_CODE,2340,2-Nitrophenol
CONTAMINANT_CODE,2342,4-Nitrophenol
CONTAMINANT_CODE,2344,2-Chlorophenol
CONTAMINANT_CODE,2346,"4,6-Dinitro-o-cresol"
CONTAMINANT_CODE,2348,.ALPHA.-BHC
CONTAMINANT_CODE,2350,.BETA.-BHC
CONTAMINANT_CODE,2354,.DELTA.-BHC
CONTAMINANT_CODE,2356,Aldrin
CONTAMINANT_CODE,2365,ORTHO-PARA DDE
CONTAMINANT_CODE,2367,ORTHO-PARA DDD
CONTAMINANT_CODE,2369,ORTHO-PARA DDT
CONTAMINANT_CODE,2370,KELTHANE
CONTAMINANT_CODE,2371,Tedion
CONTAMINANT_CODE,2372,Endrin aldehyde
CONTAMINANT_CODE,2374,Kerosene
CONTAMINANT_CODE,2376,n-Hexane
CONTAMINANT_CODE,2377,"1,3,5-Trichlorobenzene"
CONTAMINANT_CODE,2378,"1,2,4-Trichlorobenzene"
CONTAMINANT_CODE,2380,"cis-1,2-Dichloroethylene"
CONTAMINANT_CODE,4338,74-TUNGSTEN-185
CONTAMINANT_CODE,4340,74-TUNGSTEN-187
CONTAMINANT_CODE,4342,75-RHENIUM-183
CONTAMINANT_CODE,4344,75-RHENIUM-186
CONTAMINANT_CODE,4346,75-RHENIUM-187
CONTAMINANT_CODE,4348,76-OSMIUM-185
